Time step:,xu:,x0:,x1:,x2:,x3:,Integral:,%ee:
0,1,0,0,0,0,3,100
1,0.996008,1.87605e-005,0.000279723,0.00139026,0.00230327,2.99003,99.6008
2,0.992032,3.80083e-005,0.000563322,0.00278313,0.00458363,2.98012,99.2032
3,0.988072,5.77491e-005,0.000850783,0.00417846,0.00684129,2.97027,98.8072
4,0.984127,7.79885e-005,0.00114209,0.00557611,0.00907649,2.96048,98.4127
5,0.980199,9.8732e-005,0.00143724,0.00697591,0.0112894,2.95074,98.0199
6,0.976286,0.000119985,0.0017362,0.00837772,0.0134804,2.94107,97.6286
7,0.972388,0.000141753,0.00203897,0.0097814,0.0156495,2.93145,97.2388
8,0.968507,0.000164041,0.00234553,0.0111868,0.0177971,2.92189,96.8507
9,0.96464,0.000186855,0.00265585,0.0125938,0.0199232,2.91239,96.464
10,0.960789,0.000210198,0.00296993,0.0140022,0.0220282,2.90294,96.0789
11,0.956954,0.000234077,0.00328775,0.0154119,0.0241123,2.89355,95.6954
12,0.953134,0.000258496,0.00360928,0.0168229,0.0261756,2.88422,95.3134
13,0.949329,0.00028346,0.00393451,0.0182348,0.0282183,2.87494,94.9329
14,0.945539,0.000308973,0.00426341,0.0196477,0.0302407,2.86572,94.5539
15,0.941765,0.000335041,0.00459597,0.0210614,0.032243,2.85655,94.1765
16,0.938005,0.000361667,0.00493218,0.0224758,0.0342253,2.84744,93.8005
17,0.93426,0.000388855,0.00527199,0.0238908,0.0361879,2.83838,93.426
18,0.930531,0.000416611,0.00561541,0.0253062,0.0381309,2.82938,93.0531
19,0.926816,0.000444938,0.0059624,0.0267219,0.0400546,2.82043,92.6816
20,0.923116,0.00047384,0.00631294,0.0281378,0.0419591,2.81153,92.3116
21,0.919431,0.000503321,0.00666701,0.0295538,0.0438446,2.80269,91.9431
22,0.915761,0.000533386,0.00702459,0.0309699,0.0457113,2.7939,91.5761
23,0.912105,0.000564037,0.00738565,0.0323858,0.0475593,2.78516,91.2105
24,0.908464,0.000595278,0.00775017,0.0338016,0.049389,2.77648,90.8464
25,0.904837,0.000627114,0.00811813,0.035217,0.0512004,2.76785,90.4837
26,0.901225,0.000659547,0.00848951,0.036632,0.0529937,2.75927,90.1225
27,0.897628,0.000692581,0.00886427,0.0380465,0.0547691,2.75074,89.7628
28,0.894044,0.000726218,0.0092424,0.0394604,0.0565267,2.74226,89.4044
29,0.890475,0.000760463,0.00962387,0.0408736,0.0582668,2.73383,89.0475
30,0.88692,0.000795319,0.0100087,0.042286,0.0599896,2.72545,88.692
31,0.88338,0.000830787,0.0103967,0.0436976,0.0616951,2.71712,88.338
32,0.879853,0.000866871,0.0107881,0.0451082,0.0633835,2.70885,87.9853
33,0.876341,0.000903574,0.0111826,0.0465177,0.0650551,2.70062,87.6341
34,0.872843,0.000940899,0.0115804,0.0479261,0.0667099,2.69244,87.2843
35,0.869358,0.000978847,0.0119814,0.0493333,0.0683482,2.68431,86.9358
36,0.865888,0.00101742,0.0123856,0.0507392,0.0699701,2.67623,86.5888
37,0.862431,0.00105663,0.0127928,0.0521437,0.0715757,2.66819,86.2431
38,0.858988,0.00109646,0.0132032,0.0535468,0.0731653,2.66021,85.8988
39,0.855559,0.00113693,0.0136167,0.0549483,0.0747389,2.65227,85.5559
40,0.852144,0.00117803,0.0140332,0.0563482,0.0762968,2.64438,85.2144
41,0.848742,0.00121977,0.0144527,0.0577465,0.077839,2.63654,84.8742
42,0.845354,0.00126216,0.0148753,0.059143,0.0793657,2.62874,84.5354
43,0.841979,0.00130518,0.0153008,0.0605377,0.0808771,2.62099,84.1979
44,0.838618,0.00134884,0.0157293,0.0619306,0.0823733,2.61329,83.8618
45,0.83527,0.00139315,0.0161607,0.0633214,0.0838545,2.60563,83.527
46,0.831936,0.00143811,0.0165949,0.0647103,0.0853208,2.59802,83.1936
47,0.828615,0.00148371,0.0170321,0.0660971,0.0867724,2.59046,82.8615
48,0.825307,0.00152996,0.017472,0.0674818,0.0882093,2.58294,82.5307
49,0.822012,0.00157686,0.0179148,0.0688642,0.0896318,2.57546,82.2012
50,0.818731,0.00162441,0.0183604,0.0702445,0.09104,2.56803,81.8731
51,0.815462,0.00167262,0.0188087,0.0716224,0.0924339,2.56064,81.5462
52,0.812207,0.00172148,0.0192597,0.0729979,0.0938138,2.5533,81.2207
53,0.808965,0.00177099,0.0197135,0.074371,0.0951798,2.54601,80.8965
54,0.805735,0.00182116,0.0201699,0.0757416,0.096532,2.53875,80.5735
55,0.802519,0.00187198,0.0206289,0.0771097,0.0978705,2.53154,80.2519
56,0.799315,0.00192346,0.0210906,0.0784753,0.0991955,2.52437,79.9315
57,0.796124,0.0019756,0.0215548,0.0798381,0.100507,2.51725,79.6124
58,0.792946,0.0020284,0.0220216,0.0811984,0.101805,2.51017,79.2946
59,0.789781,0.00208185,0.022491,0.0825558,0.103091,2.50313,78.9781
60,0.786628,0.00213596,0.0229628,0.0839105,0.104363,2.49613,78.6628
61,0.783488,0.00219073,0.0234371,0.0852624,0.105622,2.48917,78.3488
62,0.78036,0.00224616,0.0239139,0.0866115,0.106869,2.48226,78.036
63,0.777245,0.00230225,0.024393,0.0879576,0.108102,2.47538,77.7245
64,0.774142,0.002359,0.0248746,0.0893007,0.109324,2.46855,77.4142
65,0.771052,0.00241641,0.0253585,0.0906409,0.110533,2.46176,77.1052
66,0.767974,0.00247448,0.0258447,0.0919781,0.111729,2.45501,76.7974
67,0.764908,0.0025332,0.0263333,0.0933121,0.112914,2.4483,76.4908
68,0.761854,0.00259259,0.0268241,0.0946431,0.114086,2.44163,76.1854
69,0.758813,0.00265263,0.0273172,0.095971,0.115246,2.435,75.8813
70,0.755784,0.00271333,0.0278125,0.0972956,0.116395,2.42841,75.5784
71,0.752767,0.00277469,0.02831,0.098617,0.117532,2.42186,75.2767
72,0.749762,0.00283671,0.0288097,0.0999352,0.118657,2.41535,74.9762
73,0.746769,0.00289938,0.0293115,0.10125,0.119771,2.40888,74.6769
74,0.743787,0.0029627,0.0298154,0.102562,0.120873,2.40244,74.3787
75,0.740818,0.00302669,0.0303214,0.10387,0.121964,2.39605,74.0818
76,0.737861,0.00309132,0.0308294,0.105175,0.123044,2.38969,73.7861
77,0.734915,0.00315661,0.0313395,0.106476,0.124112,2.38337,73.4915
78,0.731982,0.00322255,0.0318516,0.107774,0.12517,2.37709,73.1982
79,0.729059,0.00328914,0.0323656,0.109069,0.126217,2.37085,72.9059
80,0.726149,0.00335639,0.0328816,0.11036,0.127253,2.36464,72.6149
81,0.72325,0.00342428,0.0333995,0.111648,0.128278,2.35847,72.325
82,0.720363,0.00349282,0.0339193,0.112932,0.129293,2.35234,72.0363
83,0.717487,0.00356201,0.034441,0.114212,0.130298,2.34624,71.7487
84,0.714623,0.00363184,0.0349645,0.115489,0.131292,2.34018,71.4623
85,0.71177,0.00370232,0.0354899,0.116762,0.132275,2.33416,71.177
86,0.708929,0.00377343,0.036017,0.118032,0.133249,2.32817,70.8929
87,0.706099,0.00384519,0.0365459,0.119298,0.134212,2.32222,70.6099
88,0.70328,0.00391759,0.0370765,0.12056,0.135166,2.31631,70.328
89,0.700473,0.00399063,0.0376088,0.121819,0.136109,2.31043,70.0473
90,0.697676,0.0040643,0.0381428,0.123073,0.137043,2.30458,69.7676
91,0.694891,0.00413861,0.0386785,0.124325,0.137967,2.29877,69.4891
92,0.692117,0.00421355,0.0392158,0.125572,0.138882,2.293,69.2117
93,0.689354,0.00428913,0.0397547,0.126815,0.139786,2.28725,68.9354
94,0.686602,0.00436533,0.0402951,0.128055,0.140682,2.28155,68.6602
95,0.683861,0.00444216,0.0408372,0.129291,0.141568,2.27588,68.3861
96,0.681131,0.00451961,0.0413807,0.130523,0.142445,2.27024,68.1131
97,0.678412,0.00459769,0.0419258,0.131752,0.143312,2.26463,67.8412
98,0.675704,0.00467639,0.0424723,0.132976,0.144171,2.25906,67.5704
99,0.673007,0.0047557,0.0430203,0.134197,0.145021,2.25352,67.3007
100,0.67032,0.00483564,0.0435697,0.135414,0.145861,2.24802,67.032
101,0.667644,0.00491619,0.0441205,0.136626,0.146693,2.24255,66.7644
102,0.664979,0.00499735,0.0446727,0.137835,0.147516,2.23711,66.4979
103,0.662324,0.00507912,0.0452262,0.13904,0.14833,2.2317,66.2324
104,0.65968,0.00516151,0.0457811,0.140241,0.149136,2.22633,65.968
105,0.657047,0.00524449,0.0463373,0.141438,0.149933,2.22099,65.7047
106,0.654424,0.00532808,0.0468947,0.142632,0.150722,2.21568,65.4424
107,0.651811,0.00541227,0.0474534,0.143821,0.151502,2.2104,65.1811
108,0.649209,0.00549706,0.0480134,0.145006,0.152274,2.20515,64.9209
109,0.646618,0.00558245,0.0485745,0.146187,0.153038,2.19994,64.6618
110,0.644036,0.00566843,0.0491368,0.147365,0.153794,2.19475,64.4036
111,0.641465,0.00575499,0.0497003,0.148538,0.154541,2.1896,64.1465
112,0.638905,0.00584215,0.050265,0.149707,0.155281,2.18448,63.8905
113,0.636354,0.00592989,0.0508307,0.150872,0.156013,2.17939,63.6354
114,0.633814,0.00601822,0.0513976,0.152034,0.156737,2.17432,63.3814
115,0.631284,0.00610712,0.0519655,0.153191,0.157453,2.16929,63.1284
116,0.628764,0.00619661,0.0525344,0.154344,0.158161,2.16429,62.8764
117,0.626254,0.00628666,0.0531044,0.155493,0.158862,2.15932,62.6254
118,0.623754,0.00637729,0.0536754,0.156638,0.159556,2.15438,62.3754
119,0.621263,0.00646849,0.0542473,0.157779,0.160241,2.14947,62.1263
120,0.618783,0.00656025,0.0548202,0.158916,0.16092,2.14459,61.8783
121,0.616313,0.00665257,0.0553941,0.160049,0.161591,2.13973,61.6313
122,0.613853,0.00674546,0.0559689,0.161178,0.162255,2.13491,61.3853
123,0.611402,0.0068389,0.0565445,0.162303,0.162911,2.13012,61.1402
124,0.608962,0.00693289,0.057121,0.163424,0.163561,2.12535,60.8962
125,0.606531,0.00702744,0.0576984,0.16454,0.164203,2.12061,60.6531
126,0.604109,0.00712253,0.0582766,0.165653,0.164838,2.1159,60.4109
127,0.601698,0.00721817,0.0588556,0.166762,0.165467,2.11122,60.1698
128,0.599296,0.00731435,0.0594354,0.167866,0.166088,2.10657,59.9296
129,0.596903,0.00741107,0.0600159,0.168967,0.166703,2.10194,59.6903
130,0.594521,0.00750832,0.0605972,0.170063,0.167311,2.09734,59.4521
131,0.592147,0.0076061,0.0611792,0.171155,0.167912,2.09277,59.2147
132,0.589783,0.00770442,0.061762,0.172243,0.168507,2.08823,58.9783
133,0.587429,0.00780326,0.0623454,0.173328,0.169095,2.08371,58.7429
134,0.585084,0.00790262,0.0629294,0.174408,0.169676,2.07923,58.5084
135,0.582748,0.0080025,0.0635141,0.175484,0.170252,2.07476,58.2748
136,0.580422,0.00810289,0.0640994,0.176555,0.17082,2.07033,58.0422
137,0.578105,0.0082038,0.0646854,0.177623,0.171383,2.06592,57.8105
138,0.575797,0.00830521,0.0652719,0.178687,0.171939,2.06154,57.5797
139,0.573498,0.00840714,0.0658589,0.179747,0.172489,2.05718,57.3498
140,0.571209,0.00850956,0.0664466,0.180803,0.173032,2.05285,57.1209
141,0.568929,0.00861248,0.0670347,0.181854,0.17357,2.04855,56.8929
142,0.566658,0.0087159,0.0676233,0.182902,0.174102,2.04427,56.6658
143,0.564396,0.00881981,0.0682125,0.183945,0.174627,2.04002,56.4396
144,0.562142,0.0089242,0.0688021,0.184985,0.175147,2.03579,56.2142
145,0.559898,0.00902909,0.0693921,0.18602,0.17566,2.03159,55.9898
146,0.557663,0.00913445,0.0699826,0.187051,0.176168,2.02741,55.7663
147,0.555437,0.00924029,0.0705735,0.188079,0.176671,2.02326,55.5437
148,0.55322,0.00934661,0.0711648,0.189102,0.177167,2.01913,55.322
149,0.551011,0.00945339,0.0717564,0.190121,0.177658,2.01503,55.1011
150,0.548812,0.00956065,0.0723484,0.191136,0.178143,2.01095,54.8812
151,0.546621,0.00966836,0.0729408,0.192147,0.178623,2.0069,54.6621
152,0.544439,0.00977654,0.0735335,0.193155,0.179097,2.00287,54.4439
153,0.542265,0.00988517,0.0741265,0.194158,0.179565,1.99886,54.2265
154,0.540101,0.00999426,0.0747198,0.195157,0.180028,1.99488,54.0101
155,0.537944,0.0101038,0.0753133,0.196152,0.180486,1.99092,53.7944
156,0.535797,0.0102138,0.0759072,0.197143,0.180939,1.98699,53.5797
157,0.533658,0.0103242,0.0765012,0.19813,0.181386,1.98308,53.3658
158,0.531528,0.0104351,0.0770955,0.199114,0.181828,1.97919,53.1528
159,0.529406,0.0105464,0.07769,0.200093,0.182265,1.97533,52.9406
160,0.527292,0.0106581,0.0782846,0.201068,0.182697,1.97149,52.7292
161,0.525187,0.0107702,0.0788795,0.202039,0.183124,1.96767,52.5187
162,0.523091,0.0108828,0.0794745,0.203007,0.183545,1.96388,52.3091
163,0.521003,0.0109958,0.0800696,0.20397,0.183962,1.9601,52.1003
164,0.518923,0.0111092,0.0806649,0.204929,0.184374,1.95636,51.8923
165,0.516851,0.0112231,0.0812602,0.205885,0.184781,1.95263,51.6851
166,0.514788,0.0113373,0.0818557,0.206836,0.185183,1.94892,51.4788
167,0.512733,0.011452,0.0824513,0.207784,0.18558,1.94524,51.2733
168,0.510686,0.011567,0.0830469,0.208728,0.185972,1.94158,51.0686
169,0.508648,0.0116824,0.0836425,0.209667,0.18636,1.93794,50.8648
170,0.506617,0.0117983,0.0842382,0.210603,0.186743,1.93433,50.6617
171,0.504595,0.0119145,0.0848339,0.211535,0.187122,1.93073,50.4595
172,0.50258,0.0120311,0.0854296,0.212463,0.187496,1.92716,50.258
173,0.500574,0.0121481,0.0860254,0.213388,0.187865,1.9236,50.0574
174,0.498576,0.0122655,0.086621,0.214308,0.18823,1.92007,49.8576
175,0.496585,0.0123833,0.0872167,0.215224,0.18859,1.91656,49.6585
176,0.494603,0.0125014,0.0878123,0.216137,0.188946,1.91307,49.4603
177,0.492628,0.0126199,0.0884078,0.217046,0.189298,1.90961,49.2628
178,0.490662,0.0127387,0.0890032,0.217951,0.189645,1.90616,49.0662
179,0.488703,0.012858,0.0895986,0.218852,0.189988,1.90273,48.8703
180,0.486752,0.0129775,0.0901938,0.21975,0.190327,1.89933,48.6752
181,0.484809,0.0130975,0.0907889,0.220643,0.190661,1.89594,48.4809
182,0.482874,0.0132178,0.0913839,0.221533,0.190992,1.89258,48.2874
183,0.480946,0.0133384,0.0919787,0.222419,0.191318,1.88923,48.0946
184,0.479026,0.0134594,0.0925734,0.223301,0.19164,1.8859,47.9026
185,0.477114,0.0135807,0.0931679,0.224179,0.191958,1.8826,47.7114
186,0.475209,0.0137023,0.0937622,0.225054,0.192272,1.87931,47.5209
187,0.473312,0.0138243,0.0943563,0.225925,0.192582,1.87605,47.3312
188,0.471423,0.0139466,0.0949501,0.226792,0.192888,1.8728,47.1423
189,0.469541,0.0140692,0.0955438,0.227656,0.19319,1.86957,46.9541
190,0.467666,0.0141922,0.0961372,0.228515,0.193489,1.86637,46.7666
191,0.465799,0.0143154,0.0967304,0.229372,0.193783,1.86318,46.5799
192,0.46394,0.014439,0.0973233,0.230224,0.194074,1.86001,46.394
193,0.462088,0.0145629,0.0979159,0.231073,0.194361,1.85686,46.2088
194,0.460243,0.0146871,0.0985083,0.231918,0.194644,1.85373,46.0243
195,0.458406,0.0148116,0.0991003,0.232759,0.194923,1.85061,45.8406
196,0.456576,0.0149363,0.0996921,0.233596,0.195199,1.84752,45.6576
197,0.454753,0.0150614,0.100283,0.234431,0.195471,1.84444,45.4753
198,0.452938,0.0151868,0.100875,0.235261,0.19574,1.84138,45.2938
199,0.45113,0.0153125,0.101465,0.236088,0.196005,1.83835,45.113
200,0.449329,0.0154384,0.102056,0.236911,0.196266,1.83532,44.9329
201,0.447535,0.0155646,0.102646,0.23773,0.196524,1.83232,44.7535
202,0.445749,0.0156911,0.103235,0.238546,0.196779,1.82934,44.5749
203,0.443969,0.0158179,0.103825,0.239359,0.19703,1.82637,44.3969
204,0.442197,0.0159449,0.104413,0.240167,0.197277,1.82342,44.2197
205,0.440432,0.0160723,0.105002,0.240973,0.197521,1.82049,44.0432
206,0.438673,0.0161998,0.10559,0.241774,0.197762,1.81757,43.8673
207,0.436922,0.0163277,0.106178,0.242573,0.198,1.81468,43.6922
208,0.435178,0.0164557,0.106765,0.243367,0.198234,1.8118,43.5178
209,0.433441,0.0165841,0.107351,0.244158,0.198465,1.80894,43.3441
210,0.431711,0.0167126,0.107938,0.244946,0.198693,1.80609,43.1711
211,0.429987,0.0168415,0.108523,0.24573,0.198918,1.80326,42.9987
212,0.428271,0.0169705,0.109109,0.246511,0.19914,1.80045,42.8271
213,0.426561,0.0170998,0.109693,0.247288,0.199358,1.79766,42.6561
214,0.424858,0.0172294,0.110278,0.248062,0.199573,1.79488,42.4858
215,0.423162,0.0173591,0.110862,0.248832,0.199785,1.79212,42.3162
216,0.421473,0.0174891,0.111445,0.249599,0.199995,1.78937,42.1473
217,0.41979,0.0176193,0.112028,0.250362,0.200201,1.78665,41.979
218,0.418114,0.0177498,0.11261,0.251122,0.200404,1.78393,41.8114
219,0.416445,0.0178804,0.113191,0.251879,0.200604,1.78124,41.6445
220,0.414783,0.0180113,0.113773,0.252632,0.200801,1.77856,41.4783
221,0.413127,0.0181423,0.114353,0.253382,0.200996,1.7759,41.3127
222,0.411478,0.0182736,0.114933,0.254128,0.201187,1.77325,41.1478
223,0.409835,0.0184051,0.115512,0.254871,0.201376,1.77062,40.9835
224,0.408199,0.0185367,0.116091,0.255611,0.201562,1.768,40.8199
225,0.40657,0.0186686,0.116669,0.256347,0.201745,1.7654,40.657
226,0.404947,0.0188007,0.117247,0.25708,0.201925,1.76282,40.4947
227,0.40333,0.0189329,0.117824,0.25781,0.202103,1.76025,40.333
228,0.40172,0.0190653,0.1184,0.258537,0.202278,1.75769,40.172
229,0.400116,0.0191979,0.118976,0.25926,0.20245,1.75515,40.0116
230,0.398519,0.0193307,0.119551,0.25998,0.202619,1.75263,39.8519
231,0.396928,0.0194637,0.120126,0.260697,0.202786,1.75012,39.6928
232,0.395344,0.0195968,0.120699,0.26141,0.20295,1.74763,39.5344
233,0.393765,0.0197301,0.121272,0.26212,0.203112,1.74515,39.3765
234,0.392193,0.0198636,0.121845,0.262827,0.203271,1.74269,39.2193
235,0.390628,0.0199972,0.122417,0.263531,0.203427,1.74024,39.0628
236,0.389068,0.020131,0.122988,0.264231,0.203581,1.73781,38.9068
237,0.387515,0.0202649,0.123558,0.264929,0.203733,1.73539,38.7515
238,0.385968,0.020399,0.124128,0.265623,0.203882,1.73298,38.5968
239,0.384428,0.0205333,0.124697,0.266314,0.204028,1.73059,38.4428
240,0.382893,0.0206677,0.125265,0.267002,0.204173,1.72821,38.2893
241,0.381364,0.0208022,0.125833,0.267686,0.204314,1.72585,38.1364
242,0.379842,0.0209368,0.126399,0.268368,0.204454,1.7235,37.9842
243,0.378326,0.0210716,0.126965,0.269046,0.204591,1.72117,37.8326
244,0.376815,0.0212066,0.127531,0.269722,0.204725,1.71885,37.6815
245,0.375311,0.0213416,0.128095,0.270394,0.204858,1.71654,37.5311
246,0.373813,0.0214768,0.128659,0.271063,0.204988,1.71425,37.3813
247,0.372321,0.0216121,0.129222,0.271729,0.205116,1.71197,37.2321
248,0.370834,0.0217475,0.129785,0.272392,0.205241,1.70971,37.0834
249,0.369354,0.0218831,0.130346,0.273052,0.205365,1.70746,36.9354
250,0.367879,0.0220187,0.130907,0.273709,0.205486,1.70522,36.7879
251,0.366411,0.0221545,0.131467,0.274363,0.205605,1.70299,36.6411
252,0.364948,0.0222904,0.132026,0.275014,0.205722,1.70078,36.4948
253,0.363491,0.0224264,0.132584,0.275662,0.205836,1.69858,36.3491
254,0.36204,0.0225624,0.133142,0.276307,0.205949,1.6964,36.204
255,0.360595,0.0226986,0.133699,0.276948,0.206059,1.69423,36.0595
256,0.359155,0.0228349,0.134255,0.277587,0.206168,1.69207,35.9155
257,0.357722,0.0229712,0.13481,0.278223,0.206274,1.68992,35.7722
258,0.356294,0.0231077,0.135364,0.278856,0.206378,1.68779,35.6294
259,0.354871,0.0232442,0.135918,0.279486,0.20648,1.68567,35.4871
260,0.353455,0.0233808,0.13647,0.280114,0.206581,1.68356,35.3455
261,0.352044,0.0235175,0.137022,0.280738,0.206679,1.68147,35.2044
262,0.350638,0.0236543,0.137573,0.281359,0.206775,1.67938,35.0638
263,0.349239,0.0237911,0.138123,0.281978,0.20687,1.67731,34.9239
264,0.347844,0.0239281,0.138672,0.282593,0.206962,1.67526,34.7844
265,0.346456,0.0240651,0.139221,0.283206,0.207052,1.67321,34.6456
266,0.345073,0.0242021,0.139768,0.283816,0.207141,1.67118,34.5073
267,0.343695,0.0243392,0.140315,0.284423,0.207228,1.66916,34.3695
268,0.342323,0.0244764,0.14086,0.285027,0.207313,1.66715,34.2323
269,0.340957,0.0246136,0.141405,0.285629,0.207396,1.66515,34.0957
270,0.339596,0.0247509,0.141949,0.286227,0.207477,1.66317,33.9596
271,0.33824,0.0248883,0.142492,0.286823,0.207557,1.66119,33.824
272,0.33689,0.0250256,0.143035,0.287416,0.207634,1.65923,33.689
273,0.335545,0.0251631,0.143576,0.288006,0.20771,1.65728,33.5545
274,0.334205,0.0253005,0.144116,0.288594,0.207784,1.65534,33.4205
275,0.332871,0.0254381,0.144656,0.289178,0.207857,1.65342,33.2871
276,0.331542,0.0255756,0.145194,0.28976,0.207928,1.6515,33.1542
277,0.330219,0.0257132,0.145732,0.290339,0.207997,1.6496,33.0219
278,0.328901,0.0258508,0.146269,0.290916,0.208064,1.64771,32.8901
279,0.327588,0.0259885,0.146804,0.29149,0.20813,1.64583,32.7588
280,0.32628,0.0261261,0.147339,0.292061,0.208194,1.64396,32.628
281,0.324977,0.0262638,0.147873,0.292629,0.208256,1.6421,32.4977
282,0.32368,0.0264015,0.148406,0.293195,0.208317,1.64025,32.368
283,0.322388,0.0265393,0.148938,0.293758,0.208376,1.63842,32.2388
284,0.321101,0.026677,0.149469,0.294319,0.208434,1.63659,32.1101
285,0.319819,0.0268148,0.149999,0.294877,0.20849,1.63478,31.9819
286,0.318542,0.0269526,0.150529,0.295432,0.208545,1.63297,31.8542
287,0.317271,0.0270904,0.151057,0.295984,0.208598,1.63118,31.7271
288,0.316004,0.0272282,0.151584,0.296534,0.208649,1.6294,31.6004
289,0.314743,0.0273659,0.15211,0.297082,0.208699,1.62763,31.4743
290,0.313486,0.0275037,0.152636,0.297627,0.208748,1.62587,31.3486
291,0.312235,0.0276415,0.15316,0.298169,0.208795,1.62412,31.2235
292,0.310988,0.0277793,0.153684,0.298708,0.20884,1.62238,31.0988
293,0.309747,0.0279171,0.154206,0.299246,0.208885,1.62065,30.9747
294,0.30851,0.0280549,0.154727,0.29978,0.208927,1.61893,30.851
295,0.307279,0.0281927,0.155248,0.300312,0.208968,1.61722,30.7279
296,0.306052,0.0283304,0.155767,0.300842,0.209008,1.61552,30.6052
297,0.30483,0.0284681,0.156286,0.301369,0.209047,1.61384,30.483
298,0.303613,0.0286059,0.156803,0.301893,0.209084,1.61216,30.3613
299,0.302401,0.0287436,0.15732,0.302415,0.20912,1.61049,30.2401
300,0.301194,0.0288812,0.157835,0.302935,0.209154,1.60883,30.1194
301,0.299992,0.0290189,0.15835,0.303452,0.209187,1.60718,29.9992
302,0.298794,0.0291565,0.158863,0.303967,0.209219,1.60555,29.8794
303,0.297601,0.0292941,0.159376,0.304479,0.20925,1.60392,29.7601
304,0.296413,0.0294316,0.159887,0.304989,0.209279,1.6023,29.6413
305,0.29523,0.0295692,0.160398,0.305496,0.209307,1.60069,29.523
306,0.294052,0.0297066,0.160907,0.306001,0.209333,1.59909,29.4052
307,0.292878,0.0298441,0.161416,0.306504,0.209359,1.5975,29.2878
308,0.291709,0.0299815,0.161923,0.307004,0.209383,1.59592,29.1709
309,0.290544,0.0301188,0.16243,0.307502,0.209406,1.59435,29.0544
310,0.289384,0.0302562,0.162935,0.307997,0.209427,1.59279,28.9384
311,0.288229,0.0303934,0.163439,0.30849,0.209448,1.59124,28.8229
312,0.287078,0.0305306,0.163943,0.308981,0.209467,1.58969,28.7078
313,0.285932,0.0306678,0.164445,0.30947,0.209485,1.58816,28.5932
314,0.284791,0.0308049,0.164946,0.309956,0.209502,1.58664,28.4791
315,0.283654,0.030942,0.165446,0.310439,0.209518,1.58512,28.3654
316,0.282522,0.031079,0.165946,0.310921,0.209533,1.58361,28.2522
317,0.281394,0.0312159,0.166444,0.3114,0.209546,1.58212,28.1394
318,0.280271,0.0313528,0.166941,0.311877,0.209559,1.58063,28.0271
319,0.279152,0.0314896,0.167437,0.312351,0.20957,1.57915,27.9152
320,0.278037,0.0316263,0.167932,0.312824,0.209581,1.57768,27.8037
321,0.276927,0.031763,0.168426,0.313294,0.20959,1.57622,27.6927
322,0.275822,0.0318996,0.168919,0.313762,0.209598,1.57476,27.5822
323,0.274721,0.0320361,0.169411,0.314227,0.209605,1.57332,27.4721
324,0.273624,0.0321726,0.169902,0.314691,0.209611,1.57188,27.3624
325,0.272532,0.0323089,0.170392,0.315152,0.209616,1.57046,27.2532
326,0.271444,0.0324452,0.17088,0.315611,0.20962,1.56904,27.1444
327,0.27036,0.0325814,0.171368,0.316068,0.209623,1.56763,27.036
328,0.269281,0.0327176,0.171855,0.316522,0.209625,1.56623,26.9281
329,0.268206,0.0328536,0.17234,0.316975,0.209625,1.56483,26.8206
330,0.267135,0.0329896,0.172825,0.317425,0.209625,1.56345,26.7135
331,0.266069,0.0331255,0.173308,0.317873,0.209624,1.56207,26.6069
332,0.265007,0.0332612,0.173791,0.318319,0.209622,1.5607,26.5007
333,0.263949,0.0333969,0.174272,0.318763,0.209619,1.55934,26.3949
334,0.262895,0.0335325,0.174752,0.319205,0.209615,1.55799,26.2895
335,0.261846,0.033668,0.175232,0.319644,0.209611,1.55665,26.1846
336,0.2608,0.0338034,0.17571,0.320082,0.209605,1.55531,26.08
337,0.259759,0.0339387,0.176187,0.320517,0.209598,1.55398,25.9759
338,0.258722,0.0340739,0.176663,0.32095,0.209591,1.55266,25.8722
339,0.257689,0.034209,0.177138,0.321381,0.209582,1.55135,25.7689
340,0.256661,0.034344,0.177612,0.321811,0.209573,1.55005,25.6661
341,0.255636,0.0344789,0.178084,0.322238,0.209563,1.54875,25.5636
342,0.254616,0.0346137,0.178556,0.322663,0.209552,1.54746,25.4616
343,0.253599,0.0347484,0.179027,0.323086,0.20954,1.54618,25.3599
344,0.252587,0.0348829,0.179496,0.323507,0.209527,1.54491,25.2587
345,0.251579,0.0350174,0.179965,0.323926,0.209513,1.54364,25.1579
346,0.250574,0.0351517,0.180432,0.324343,0.209499,1.54239,25.0574
347,0.249574,0.0352859,0.180899,0.324757,0.209484,1.54113,24.9574
348,0.248578,0.03542,0.181364,0.32517,0.209468,1.53989,24.8578
349,0.247585,0.035554,0.181828,0.325581,0.209451,1.53866,24.7585
350,0.246597,0.0356879,0.182291,0.32599,0.209433,1.53743,24.6597
351,0.245613,0.0358216,0.182754,0.326397,0.209415,1.53621,24.5613
352,0.244632,0.0359552,0.183215,0.326802,0.209396,1.53499,24.4632
353,0.243655,0.0360887,0.183674,0.327205,0.209376,1.53379,24.3655
354,0.242683,0.0362221,0.184133,0.327607,0.209355,1.53259,24.2683
355,0.241714,0.0363553,0.184591,0.328006,0.209334,1.5314,24.1714
356,0.240749,0.0364884,0.185048,0.328403,0.209312,1.53021,24.0749
357,0.239788,0.0366214,0.185503,0.328799,0.209289,1.52903,23.9788
358,0.238831,0.0367542,0.185958,0.329192,0.209265,1.52786,23.8831
359,0.237877,0.0368869,0.186411,0.329584,0.209241,1.5267,23.7877
360,0.236928,0.0370195,0.186864,0.329973,0.209216,1.52554,23.6928
361,0.235982,0.0371519,0.187315,0.330361,0.20919,1.52439,23.5982
362,0.23504,0.0372842,0.187765,0.330747,0.209164,1.52325,23.504
363,0.234102,0.0374163,0.188214,0.331131,0.209137,1.52211,23.4102
364,0.233167,0.0375483,0.188662,0.331514,0.209109,1.52098,23.3167
365,0.232236,0.0376802,0.189109,0.331894,0.20908,1.51986,23.2236
366,0.231309,0.0378119,0.189555,0.332273,0.209051,1.51875,23.1309
367,0.230386,0.0379435,0.19,0.332649,0.209022,1.51764,23.0386
368,0.229466,0.0380749,0.190443,0.333024,0.208991,1.51653,22.9466
369,0.22855,0.0382062,0.190886,0.333398,0.20896,1.51544,22.855
370,0.227638,0.0383373,0.191328,0.333769,0.208929,1.51435,22.7638
371,0.226729,0.0384683,0.191768,0.334138,0.208896,1.51327,22.6729
372,0.225824,0.0385991,0.192207,0.334506,0.208864,1.51219,22.5824
373,0.224922,0.0387298,0.192646,0.334872,0.20883,1.51112,22.4922
374,0.224024,0.0388603,0.193083,0.335236,0.208796,1.51006,22.4024
375,0.22313,0.0389906,0.193519,0.335599,0.208761,1.509,22.313
376,0.222239,0.0391208,0.193954,0.33596,0.208726,1.50795,22.2239
377,0.221352,0.0392509,0.194388,0.336319,0.20869,1.5069,22.1352
378,0.220469,0.0393808,0.194821,0.336676,0.208654,1.50587,22.0469
379,0.219588,0.0395105,0.195253,0.337031,0.208617,1.50483,21.9588
380,0.218712,0.03964,0.195683,0.337385,0.20858,1.50381,21.8712
381,0.217839,0.0397694,0.196113,0.337737,0.208542,1.50279,21.7839
382,0.216969,0.0398986,0.196541,0.338088,0.208503,1.50177,21.6969
383,0.216103,0.0400277,0.196969,0.338436,0.208464,1.50077,21.6103
384,0.21524,0.0401566,0.197395,0.338783,0.208424,1.49976,21.524
385,0.214381,0.0402853,0.197821,0.339129,0.208384,1.49877,21.4381
386,0.213525,0.0404139,0.198245,0.339472,0.208344,1.49778,21.3525
387,0.212673,0.0405422,0.198668,0.339814,0.208302,1.4968,21.2673
388,0.211824,0.0406705,0.19909,0.340155,0.208261,1.49582,21.1824
389,0.210978,0.0407985,0.199511,0.340494,0.208219,1.49485,21.0978
390,0.210136,0.0409264,0.199931,0.340831,0.208176,1.49388,21.0136
391,0.209297,0.041054,0.20035,0.341166,0.208133,1.49292,20.9297
392,0.208462,0.0411816,0.200768,0.3415,0.208089,1.49196,20.8462
393,0.20763,0.0413089,0.201184,0.341832,0.208045,1.49102,20.763
394,0.206801,0.0414361,0.2016,0.342163,0.208001,1.49007,20.6801
395,0.205975,0.041563,0.202014,0.342492,0.207956,1.48913,20.5975
396,0.205153,0.0416898,0.202428,0.342819,0.20791,1.4882,20.5153
397,0.204334,0.0418165,0.20284,0.343145,0.207864,1.48728,20.4334
398,0.203518,0.0419429,0.203252,0.343469,0.207818,1.48636,20.3518
399,0.202706,0.0420691,0.203662,0.343792,0.207771,1.48544,20.2706
400,0.201897,0.0421952,0.204071,0.344113,0.207724,1.48453,20.1897
401,0.201091,0.0423211,0.204479,0.344433,0.207677,1.48363,20.1091
402,0.200288,0.0424468,0.204886,0.344751,0.207628,1.48273,20.0288
403,0.199488,0.0425723,0.205292,0.345067,0.20758,1.48183,19.9488
404,0.198692,0.0426976,0.205697,0.345382,0.207531,1.48094,19.8692
405,0.197899,0.0428228,0.206101,0.345696,0.207482,1.48006,19.7899
406,0.197109,0.0429477,0.206504,0.346008,0.207432,1.47918,19.7109
407,0.196322,0.0430725,0.206905,0.346318,0.207382,1.47831,19.6322
408,0.195538,0.043197,0.207306,0.346627,0.207332,1.47744,19.5538
409,0.194758,0.0433214,0.207706,0.346934,0.207281,1.47658,19.4758
410,0.19398,0.0434456,0.208104,0.34724,0.20723,1.47573,19.398
411,0.193206,0.0435695,0.208501,0.347545,0.207178,1.47487,19.3206
412,0.192434,0.0436933,0.208898,0.347848,0.207127,1.47403,19.2434
413,0.191666,0.0438169,0.209293,0.348149,0.207074,1.47319,19.1666
414,0.190901,0.0439403,0.209687,0.348449,0.207022,1.47235,19.0901
415,0.190139,0.0440635,0.210081,0.348748,0.206969,1.47152,19.0139
416,0.18938,0.0441865,0.210473,0.349045,0.206915,1.47069,18.938
417,0.188624,0.0443093,0.210864,0.349341,0.206862,1.46987,18.8624
418,0.187871,0.0444319,0.211254,0.349635,0.206808,1.46905,18.7871
419,0.187121,0.0445543,0.211643,0.349928,0.206754,1.46824,18.7121
420,0.186374,0.0446765,0.212031,0.35022,0.206699,1.46743,18.6374
421,0.18563,0.0447985,0.212418,0.35051,0.206644,1.46663,18.563
422,0.184889,0.0449203,0.212804,0.350798,0.206589,1.46583,18.4889
423,0.184151,0.0450419,0.213188,0.351086,0.206533,1.46504,18.4151
424,0.183416,0.0451633,0.213572,0.351371,0.206477,1.46425,18.3416
425,0.182684,0.0452845,0.213955,0.351656,0.206421,1.46347,18.2684
426,0.181954,0.0454055,0.214337,0.351939,0.206365,1.46269,18.1954
427,0.181228,0.0455263,0.214717,0.352221,0.206308,1.46192,18.1228
428,0.180504,0.0456468,0.215097,0.352501,0.206251,1.46115,18.0504
429,0.179784,0.0457672,0.215475,0.35278,0.206194,1.46038,17.9784
430,0.179066,0.0458874,0.215853,0.353058,0.206136,1.45962,17.9066
431,0.178351,0.0460073,0.216229,0.353334,0.206078,1.45887,17.8351
432,0.177639,0.046127,0.216605,0.353609,0.20602,1.45812,17.7639
433,0.17693,0.0462466,0.216979,0.353883,0.205962,1.45737,17.693
434,0.176224,0.0463659,0.217352,0.354155,0.205903,1.45663,17.6224
435,0.17552,0.046485,0.217725,0.354426,0.205844,1.45589,17.552
436,0.17482,0.0466039,0.218096,0.354696,0.205785,1.45516,17.482
437,0.174122,0.0467226,0.218466,0.354964,0.205726,1.45443,17.4122
438,0.173427,0.046841,0.218835,0.355231,0.205666,1.4537,17.3427
439,0.172734,0.0469593,0.219203,0.355497,0.205606,1.45298,17.2734
440,0.172045,0.0470773,0.219571,0.355761,0.205546,1.45227,17.2045
441,0.171358,0.0471952,0.219937,0.356025,0.205486,1.45156,17.1358
442,0.170674,0.0473128,0.220302,0.356286,0.205425,1.45085,17.0674
443,0.169993,0.0474302,0.220666,0.356547,0.205364,1.45015,16.9993
444,0.169314,0.0475473,0.221029,0.356807,0.205303,1.44945,16.9314
445,0.168638,0.0476643,0.221391,0.357065,0.205242,1.44875,16.8638
446,0.167965,0.0477811,0.221752,0.357322,0.20518,1.44806,16.7965
447,0.167294,0.0478976,0.222112,0.357577,0.205119,1.44738,16.7294
448,0.166627,0.0480139,0.222471,0.357832,0.205057,1.4467,16.6627
449,0.165961,0.04813,0.222829,0.358085,0.204995,1.44602,16.5961
450,0.165299,0.0482459,0.223186,0.358337,0.204933,1.44534,16.5299
451,0.164639,0.0483615,0.223542,0.358588,0.20487,1.44467,16.4639
452,0.163982,0.048477,0.223897,0.358837,0.204807,1.44401,16.3982
453,0.163327,0.0485922,0.224251,0.359086,0.204745,1.44334,16.3327
454,0.162675,0.0487072,0.224604,0.359333,0.204682,1.44269,16.2675
455,0.162026,0.0488219,0.224955,0.359579,0.204618,1.44203,16.2026
456,0.161379,0.0489365,0.225306,0.359823,0.204555,1.44138,16.1379
457,0.160735,0.0490508,0.225656,0.360067,0.204491,1.44074,16.0735
458,0.160093,0.0491649,0.226005,0.360309,0.204428,1.44009,16.0093
459,0.159454,0.0492788,0.226353,0.36055,0.204364,1.43945,15.9454
460,0.158817,0.0493925,0.2267,0.360791,0.2043,1.43882,15.8817
461,0.158183,0.0495059,0.227046,0.361029,0.204236,1.43819,15.8183
462,0.157552,0.0496191,0.227391,0.361267,0.204171,1.43756,15.7552
463,0.156923,0.0497321,0.227735,0.361504,0.204107,1.43694,15.6923
464,0.156297,0.0498449,0.228077,0.361739,0.204042,1.43632,15.6297
465,0.155673,0.0499574,0.228419,0.361973,0.203977,1.4357,15.5673
466,0.155051,0.0500697,0.22876,0.362207,0.203912,1.43509,15.5051
467,0.154432,0.0501818,0.2291,0.362439,0.203847,1.43448,15.4432
468,0.153816,0.0502937,0.229439,0.36267,0.203782,1.43388,15.3816
469,0.153202,0.0504053,0.229777,0.362899,0.203716,1.43327,15.3202
470,0.15259,0.0505167,0.230114,0.363128,0.203651,1.43268,15.259
471,0.151981,0.0506279,0.23045,0.363356,0.203585,1.43208,15.1981
472,0.151374,0.0507389,0.230785,0.363582,0.20352,1.43149,15.1374
473,0.15077,0.0508496,0.231119,0.363807,0.203454,1.4309,15.077
474,0.150168,0.0509601,0.231452,0.364032,0.203388,1.43032,15.0168
475,0.149569,0.0510704,0.231784,0.364255,0.203322,1.42974,14.9569
476,0.148972,0.0511804,0.232116,0.364477,0.203255,1.42916,14.8972
477,0.148377,0.0512902,0.232446,0.364698,0.203189,1.42859,14.8377
478,0.147785,0.0513998,0.232775,0.364918,0.203123,1.42802,14.7785
479,0.147195,0.0515092,0.233103,0.365137,0.203056,1.42745,14.7195
480,0.146607,0.0516183,0.23343,0.365355,0.202989,1.42689,14.6607
481,0.146022,0.0517272,0.233757,0.365572,0.202923,1.42633,14.6022
482,0.145439,0.0518359,0.234082,0.365787,0.202856,1.42578,14.5439
483,0.144858,0.0519443,0.234406,0.366002,0.202789,1.42522,14.4858
484,0.14428,0.0520525,0.23473,0.366216,0.202722,1.42467,14.428
485,0.143704,0.0521605,0.235052,0.366428,0.202655,1.42413,14.3704
486,0.14313,0.0522682,0.235374,0.36664,0.202588,1.42358,14.313
487,0.142559,0.0523757,0.235694,0.366851,0.20252,1.42304,14.2559
488,0.14199,0.052483,0.236014,0.36706,0.202453,1.42251,14.199
489,0.141423,0.0525901,0.236333,0.367269,0.202385,1.42197,14.1423
490,0.140858,0.0526969,0.23665,0.367476,0.202318,1.42144,14.0858
491,0.140296,0.0528035,0.236967,0.367683,0.20225,1.42092,14.0296
492,0.139736,0.0529099,0.237283,0.367888,0.202183,1.42039,13.9736
493,0.139178,0.053016,0.237598,0.368093,0.202115,1.41987,13.9178
494,0.138623,0.0531219,0.237912,0.368297,0.202047,1.41935,13.8623
495,0.138069,0.0532275,0.238225,0.368499,0.201979,1.41884,13.8069
496,0.137518,0.053333,0.238537,0.368701,0.201911,1.41833,13.7518
497,0.136969,0.0534382,0.238848,0.368901,0.201843,1.41782,13.6969
498,0.136422,0.0535431,0.239158,0.369101,0.201775,1.41731,13.6422
499,0.135878,0.0536479,0.239467,0.3693,0.201707,1.41681,13.5878
500,0.135335,0.0537524,0.239776,0.369498,0.201639,1.41631,13.5335
501,0.134795,0.0538566,0.240083,0.369694,0.201571,1.41582,13.4795
502,0.134257,0.0539607,0.24039,0.36989,0.201503,1.41532,13.4257
503,0.133721,0.0540645,0.240695,0.370085,0.201434,1.41483,13.3721
504,0.133187,0.0541681,0.241,0.370279,0.201366,1.41434,13.3187
505,0.132655,0.0542714,0.241304,0.370472,0.201298,1.41386,13.2655
506,0.132126,0.0543745,0.241606,0.370664,0.201229,1.41338,13.2126
507,0.131598,0.0544774,0.241908,0.370855,0.201161,1.4129,13.1598
508,0.131073,0.05458,0.242209,0.371046,0.201092,1.41242,13.1073
509,0.13055,0.0546824,0.242509,0.371235,0.201024,1.41195,13.055
510,0.130029,0.0547846,0.242808,0.371423,0.200955,1.41148,13.0029
511,0.12951,0.0548865,0.243107,0.371611,0.200887,1.41101,12.951
512,0.128993,0.0549882,0.243404,0.371797,0.200818,1.41055,12.8993
513,0.128478,0.0550897,0.2437,0.371983,0.200749,1.41009,12.8478
514,0.127965,0.0551909,0.243996,0.372168,0.200681,1.40963,12.7965
515,0.127454,0.0552919,0.24429,0.372352,0.200612,1.40917,12.7454
516,0.126945,0.0553927,0.244584,0.372535,0.200543,1.40872,12.6945
517,0.126438,0.0554932,0.244877,0.372717,0.200475,1.40827,12.6438
518,0.125934,0.0555935,0.245169,0.372898,0.200406,1.40782,12.5934
519,0.125431,0.0556936,0.24546,0.373079,0.200337,1.40737,12.5431
520,0.12493,0.0557934,0.24575,0.373258,0.200268,1.40693,12.493
521,0.124431,0.055893,0.246039,0.373437,0.2002,1.40649,12.4431
522,0.123935,0.0559923,0.246328,0.373615,0.200131,1.40605,12.3935
523,0.12344,0.0560915,0.246615,0.373792,0.200062,1.40562,12.344
524,0.122947,0.0561904,0.246902,0.373968,0.199993,1.40518,12.2947
525,0.122456,0.056289,0.247187,0.374143,0.199924,1.40475,12.2456
526,0.121968,0.0563874,0.247472,0.374317,0.199856,1.40433,12.1968
527,0.121481,0.0564856,0.247756,0.374491,0.199787,1.4039,12.1481
528,0.120996,0.0565836,0.248039,0.374664,0.199718,1.40348,12.0996
529,0.120513,0.0566813,0.248321,0.374835,0.199649,1.40306,12.0513
530,0.120032,0.0567788,0.248603,0.375007,0.19958,1.40264,12.0032
531,0.119552,0.0568761,0.248883,0.375177,0.199512,1.40223,11.9552
532,0.119075,0.0569731,0.249163,0.375346,0.199443,1.40182,11.9075
533,0.1186,0.0570699,0.249441,0.375515,0.199374,1.40141,11.86
534,0.118126,0.0571664,0.249719,0.375683,0.199305,1.401,11.8126
535,0.117655,0.0572628,0.249996,0.37585,0.199237,1.40059,11.7655
536,0.117185,0.0573589,0.250272,0.376016,0.199168,1.40019,11.7185
537,0.116717,0.0574547,0.250547,0.376181,0.199099,1.39979,11.6717
538,0.116251,0.0575503,0.250822,0.376346,0.199031,1.39939,11.6251
539,0.115787,0.0576457,0.251095,0.37651,0.198962,1.399,11.5787
540,0.115325,0.0577409,0.251368,0.376673,0.198893,1.39861,11.5325
541,0.114865,0.0578358,0.25164,0.376835,0.198825,1.39822,11.4865
542,0.114406,0.0579305,0.251911,0.376996,0.198756,1.39783,11.4406
543,0.113949,0.058025,0.252181,0.377157,0.198688,1.39744,11.3949
544,0.113495,0.0581192,0.25245,0.377317,0.198619,1.39706,11.3495
545,0.113042,0.0582132,0.252719,0.377476,0.198551,1.39668,11.3042
546,0.11259,0.058307,0.252986,0.377634,0.198482,1.3963,11.259
547,0.112141,0.0584005,0.253253,0.377792,0.198414,1.39592,11.2141
548,0.111693,0.0584938,0.253519,0.377949,0.198345,1.39555,11.1693
549,0.111247,0.0585868,0.253784,0.378105,0.198277,1.39518,11.1247
550,0.110803,0.0586797,0.254048,0.37826,0.198209,1.39481,11.0803
551,0.110361,0.0587723,0.254312,0.378415,0.19814,1.39444,11.0361
552,0.10992,0.0588647,0.254574,0.378569,0.198072,1.39407,10.992
553,0.109481,0.0589568,0.254836,0.378722,0.198004,1.39371,10.9481
554,0.109044,0.0590487,0.255097,0.378874,0.197936,1.39335,10.9044
555,0.108609,0.0591404,0.255357,0.379026,0.197868,1.39299,10.8609
556,0.108176,0.0592318,0.255617,0.379177,0.197799,1.39263,10.8176
557,0.107744,0.059323,0.255875,0.379327,0.197731,1.39228,10.7744
558,0.107314,0.059414,0.256133,0.379476,0.197663,1.39192,10.7314
559,0.106885,0.0595048,0.25639,0.379625,0.197595,1.39157,10.6885
560,0.106459,0.0595953,0.256646,0.379773,0.197528,1.39123,10.6459
561,0.106034,0.0596856,0.256901,0.37992,0.19746,1.39088,10.6034
562,0.10561,0.0597756,0.257155,0.380067,0.197392,1.39054,10.561
563,0.105189,0.0598655,0.257409,0.380213,0.197324,1.39019,10.5189
564,0.104769,0.0599551,0.257662,0.380358,0.197256,1.38985,10.4769
565,0.10435,0.0600444,0.257914,0.380503,0.197189,1.38951,10.435
566,0.103934,0.0601336,0.258165,0.380646,0.197121,1.38918,10.3934
567,0.103519,0.0602225,0.258415,0.38079,0.197054,1.38884,10.3519
568,0.103106,0.0603112,0.258665,0.380932,0.196986,1.38851,10.3106
569,0.102694,0.0603996,0.258914,0.381074,0.196919,1.38818,10.2694
570,0.102284,0.0604879,0.259162,0.381215,0.196851,1.38785,10.2284
571,0.101876,0.0605759,0.259409,0.381355,0.196784,1.38753,10.1876
572,0.101469,0.0606636,0.259655,0.381495,0.196717,1.3872,10.1469
573,0.101064,0.0607512,0.259901,0.381634,0.19665,1.38688,10.1064
574,0.100661,0.0608385,0.260146,0.381773,0.196583,1.38656,10.0661
575,0.100259,0.0609256,0.26039,0.38191,0.196516,1.38624,10.0259
576,0.0998586,0.0610124,0.260633,0.382047,0.196449,1.38593,9.98586
577,0.09946,0.0610991,0.260875,0.382184,0.196382,1.38561,9.946
578,0.0990629,0.0611855,0.261117,0.38232,0.196315,1.3853,9.90629
579,0.0986675,0.0612717,0.261358,0.382455,0.196248,1.38499,9.86675
580,0.0982736,0.0613576,0.261598,0.382589,0.196181,1.38468,9.82736
581,0.0978813,0.0614433,0.261838,0.382723,0.196115,1.38437,9.78813
582,0.0974905,0.0615288,0.262076,0.382856,0.196048,1.38407,9.74905
583,0.0971014,0.0616141,0.262314,0.382989,0.195982,1.38376,9.71014
584,0.0967137,0.0616992,0.262551,0.383121,0.195915,1.38346,9.67137
585,0.0963276,0.061784,0.262787,0.383252,0.195849,1.38316,9.63276
586,0.0959431,0.0618686,0.263023,0.383383,0.195783,1.38286,9.59431
587,0.0955601,0.061953,0.263258,0.383513,0.195716,1.38257,9.55601
588,0.0951786,0.0620371,0.263492,0.383642,0.19565,1.38227,9.51786
589,0.0947987,0.062121,0.263725,0.383771,0.195584,1.38198,9.47987
590,0.0944202,0.0622047,0.263958,0.383899,0.195518,1.38169,9.44202
591,0.0940433,0.0622882,0.264189,0.384027,0.195452,1.3814,9.40433
592,0.0936679,0.0623715,0.26442,0.384154,0.195387,1.38111,9.36679
593,0.093294,0.0624545,0.264651,0.38428,0.195321,1.38083,9.3294
594,0.0929215,0.0625373,0.26488,0.384406,0.195255,1.38054,9.29215
595,0.0925506,0.0626199,0.265109,0.384531,0.19519,1.38026,9.25506
596,0.0921811,0.0627022,0.265337,0.384655,0.195124,1.37998,9.21811
597,0.0918131,0.0627844,0.265564,0.384779,0.195059,1.3797,9.18131
598,0.0914466,0.0628663,0.265791,0.384903,0.194994,1.37942,9.14466
599,0.0910816,0.062948,0.266016,0.385026,0.194928,1.37915,9.10816
600,0.090718,0.0630295,0.266242,0.385148,0.194863,1.37887,9.0718
601,0.0903558,0.0631107,0.266466,0.385269,0.194798,1.3786,9.03558
602,0.0899951,0.0631917,0.266689,0.38539,0.194733,1.37833,8.99951
603,0.0896358,0.0632726,0.266912,0.385511,0.194668,1.37806,8.96358
604,0.089278,0.0633531,0.267134,0.385631,0.194604,1.37779,8.9278
605,0.0889216,0.0634335,0.267356,0.38575,0.194539,1.37753,8.89216
606,0.0885666,0.0635137,0.267577,0.385869,0.194474,1.37726,8.85666
607,0.0882131,0.0635936,0.267796,0.385987,0.19441,1.377,8.82131
608,0.0878609,0.0636733,0.268016,0.386105,0.194345,1.37674,8.78609
609,0.0875102,0.0637528,0.268234,0.386222,0.194281,1.37648,8.75102
610,0.0871609,0.0638321,0.268452,0.386338,0.194217,1.37622,8.71609
611,0.0868129,0.0639111,0.268669,0.386454,0.194153,1.37596,8.68129
612,0.0864663,0.06399,0.268886,0.386569,0.194089,1.37571,8.64663
613,0.0861212,0.0640686,0.269101,0.386684,0.194025,1.37546,8.61212
614,0.0857774,0.064147,0.269316,0.386799,0.193961,1.3752,8.57774
615,0.085435,0.0642252,0.26953,0.386912,0.193897,1.37495,8.5435
616,0.0850939,0.0643031,0.269744,0.387025,0.193834,1.3747,8.50939
617,0.0847542,0.0643809,0.269957,0.387138,0.19377,1.37446,8.47542
618,0.0844159,0.0644584,0.270169,0.38725,0.193707,1.37421,8.44159
619,0.0840789,0.0645358,0.27038,0.387362,0.193643,1.37397,8.40789
620,0.0837432,0.0646129,0.270591,0.387473,0.19358,1.37372,8.37432
621,0.0834089,0.0646898,0.270801,0.387583,0.193517,1.37348,8.34089
622,0.083076,0.0647664,0.271011,0.387693,0.193454,1.37324,8.3076
623,0.0827443,0.0648429,0.271219,0.387803,0.193391,1.373,8.27443
624,0.082414,0.0649191,0.271427,0.387912,0.193328,1.37277,8.2414
625,0.082085,0.0649952,0.271634,0.38802,0.193265,1.37253,8.2085
626,0.0817573,0.065071,0.271841,0.388128,0.193202,1.3723,8.17573
627,0.0814309,0.0651466,0.272047,0.388236,0.19314,1.37206,8.14309
628,0.0811059,0.065222,0.272252,0.388343,0.193077,1.37183,8.11059
629,0.0807821,0.0652972,0.272457,0.388449,0.193015,1.3716,8.07821
630,0.0804596,0.0653721,0.272661,0.388555,0.192953,1.37137,8.04596
631,0.0801384,0.0654469,0.272864,0.38866,0.192891,1.37114,8.01384
632,0.0798185,0.0655215,0.273066,0.388765,0.192829,1.37092,7.98185
633,0.0794999,0.0655958,0.273268,0.388869,0.192767,1.37069,7.94999
634,0.0791825,0.0656699,0.273469,0.388973,0.192705,1.37047,7.91825
635,0.0788664,0.0657438,0.27367,0.389077,0.192643,1.37025,7.88664
636,0.0785516,0.0658175,0.27387,0.38918,0.192582,1.37003,7.85516
637,0.078238,0.065891,0.274069,0.389282,0.19252,1.36981,7.8238
638,0.0779257,0.0659643,0.274267,0.389384,0.192459,1.36959,7.79257
639,0.0776146,0.0660374,0.274465,0.389485,0.192397,1.36937,7.76146
640,0.0773047,0.0661102,0.274662,0.389586,0.192336,1.36916,7.73047
641,0.0769961,0.0661829,0.274859,0.389687,0.192275,1.36894,7.69961
642,0.0766888,0.0662554,0.275055,0.389787,0.192214,1.36873,7.66888
643,0.0763826,0.0663276,0.27525,0.389886,0.192153,1.36852,7.63826
644,0.0760777,0.0663996,0.275445,0.389985,0.192093,1.36831,7.60777
645,0.075774,0.0664715,0.275638,0.390084,0.192032,1.3681,7.5774
646,0.0754715,0.0665431,0.275832,0.390182,0.191971,1.36789,7.54715
647,0.0751702,0.0666145,0.276024,0.39028,0.191911,1.36768,7.51702
648,0.0748701,0.0666857,0.276216,0.390377,0.191851,1.36748,7.48701
649,0.0745713,0.0667567,0.276408,0.390474,0.191791,1.36727,7.45713
650,0.0742736,0.0668275,0.276598,0.39057,0.191731,1.36707,7.42736
651,0.0739771,0.0668981,0.276788,0.390666,0.191671,1.36687,7.39771
652,0.0736818,0.0669685,0.276978,0.390761,0.191611,1.36667,7.36818
653,0.0733876,0.0670387,0.277167,0.390856,0.191551,1.36647,7.33876
654,0.0730947,0.0671087,0.277355,0.390951,0.191491,1.36627,7.30947
655,0.0728029,0.0671784,0.277542,0.391045,0.191432,1.36607,7.28029
656,0.0725122,0.067248,0.277729,0.391138,0.191372,1.36588,7.25122
657,0.0722228,0.0673174,0.277915,0.391231,0.191313,1.36568,7.22228
658,0.0719344,0.0673866,0.278101,0.391324,0.191254,1.36549,7.19344
659,0.0716473,0.0674555,0.278286,0.391416,0.191195,1.3653,7.16473
660,0.0713613,0.0675243,0.27847,0.391508,0.191136,1.36511,7.13613
661,0.0710764,0.0675929,0.278654,0.3916,0.191077,1.36492,7.10764
662,0.0707927,0.0676612,0.278837,0.39169,0.191019,1.36473,7.07927
663,0.0705101,0.0677294,0.27902,0.391781,0.19096,1.36454,7.05101
664,0.0702286,0.0677973,0.279202,0.391871,0.190901,1.36435,7.02286
665,0.0699482,0.0678651,0.279383,0.391961,0.190843,1.36417,6.99482
666,0.069669,0.0679327,0.279563,0.39205,0.190785,1.36398,6.9669
667,0.0693909,0.068,0.279743,0.392139,0.190727,1.3638,6.93909
668,0.0691139,0.0680672,0.279923,0.392227,0.190669,1.36362,6.91139
669,0.068838,0.0681342,0.280102,0.392315,0.190611,1.36344,6.8838
670,0.0685632,0.068201,0.28028,0.392403,0.190553,1.36326,6.85632
671,0.0682894,0.0682675,0.280458,0.39249,0.190495,1.36308,6.82894
672,0.0680168,0.0683339,0.280635,0.392577,0.190438,1.3629,6.80168
673,0.0677453,0.0684001,0.280811,0.392663,0.190381,1.36272,6.77453
674,0.0674749,0.0684661,0.280987,0.392749,0.190323,1.36255,6.74749
675,0.0672055,0.0685319,0.281162,0.392834,0.190266,1.36237,6.72055
676,0.0669372,0.0685975,0.281337,0.39292,0.190209,1.3622,6.69372
677,0.06667,0.0686629,0.281511,0.393004,0.190152,1.36202,6.667
678,0.0664039,0.0687281,0.281684,0.393089,0.190095,1.36185,6.64039
679,0.0661388,0.0687931,0.281857,0.393173,0.190039,1.36168,6.61388
680,0.0658748,0.0688579,0.282029,0.393256,0.189982,1.36151,6.58748
681,0.0656118,0.0689225,0.282201,0.393339,0.189926,1.36134,6.56118
682,0.0653499,0.0689869,0.282372,0.393422,0.189869,1.36118,6.53499
683,0.065089,0.0690512,0.282543,0.393504,0.189813,1.36101,6.5089
684,0.0648291,0.0691152,0.282713,0.393586,0.189757,1.36084,6.48291
685,0.0645703,0.0691791,0.282882,0.393668,0.189701,1.36068,6.45703
686,0.0643126,0.0692427,0.283051,0.393749,0.189645,1.36052,6.43126
687,0.0640558,0.0693062,0.283219,0.39383,0.189589,1.36035,6.40558
688,0.0638001,0.0693695,0.283386,0.39391,0.189534,1.36019,6.38001
689,0.0635454,0.0694326,0.283553,0.39399,0.189478,1.36003,6.35454
690,0.0632918,0.0694955,0.28372,0.39407,0.189423,1.35987,6.32918
691,0.0630391,0.0695582,0.283886,0.394149,0.189368,1.35971,6.30391
692,0.0627875,0.0696207,0.284051,0.394228,0.189313,1.35955,6.27875
693,0.0625368,0.069683,0.284216,0.394307,0.189258,1.3594,6.25368
694,0.0622872,0.0697452,0.28438,0.394385,0.189203,1.35924,6.22872
695,0.0620385,0.0698071,0.284544,0.394463,0.189148,1.35909,6.20385
696,0.0617908,0.0698689,0.284707,0.39454,0.189093,1.35893,6.17908
697,0.0615442,0.0699305,0.284869,0.394617,0.189039,1.35878,6.15442
698,0.0612985,0.0699919,0.285031,0.394694,0.188984,1.35863,6.12985
699,0.0610538,0.0700531,0.285193,0.39477,0.18893,1.35848,6.10538
700,0.0608101,0.0701141,0.285354,0.394846,0.188876,1.35833,6.08101
701,0.0605673,0.0701749,0.285514,0.394922,0.188822,1.35818,6.05673
702,0.0603255,0.0702356,0.285674,0.394997,0.188768,1.35803,6.03255
703,0.0600847,0.070296,0.285833,0.395072,0.188714,1.35788,6.00847
704,0.0598448,0.0703563,0.285992,0.395147,0.188661,1.35773,5.98448
705,0.0596059,0.0704164,0.28615,0.395221,0.188607,1.35759,5.96059
706,0.059368,0.0704763,0.286307,0.395295,0.188554,1.35744,5.9368
707,0.059131,0.0705361,0.286464,0.395368,0.1885,1.3573,5.9131
708,0.0588949,0.0705956,0.286621,0.395442,0.188447,1.35715,5.88949
709,0.0586598,0.070655,0.286777,0.395514,0.188394,1.35701,5.86598
710,0.0584257,0.0707142,0.286932,0.395587,0.188341,1.35687,5.84257
711,0.0581924,0.0707732,0.287087,0.395659,0.188288,1.35673,5.81924
712,0.0579601,0.070832,0.287241,0.395731,0.188236,1.35659,5.79601
713,0.0577287,0.0708906,0.287395,0.395802,0.188183,1.35645,5.77287
714,0.0574983,0.0709491,0.287548,0.395874,0.188131,1.35631,5.74983
715,0.0572688,0.0710074,0.287701,0.395944,0.188078,1.35617,5.72688
716,0.0570401,0.0710655,0.287853,0.396015,0.188026,1.35604,5.70401
717,0.0568124,0.0711234,0.288005,0.396085,0.187974,1.3559,5.68124
718,0.0565856,0.0711811,0.288156,0.396155,0.187922,1.35577,5.65856
719,0.0563598,0.0712387,0.288307,0.396224,0.18787,1.35563,5.63598
720,0.0561348,0.0712961,0.288457,0.396294,0.187819,1.3555,5.61348
721,0.0559107,0.0713533,0.288606,0.396362,0.187767,1.35537,5.59107
722,0.0556875,0.0714103,0.288756,0.396431,0.187716,1.35524,5.56875
723,0.0554652,0.0714672,0.288904,0.396499,0.187664,1.3551,5.54652
724,0.0552438,0.0715238,0.289052,0.396567,0.187613,1.35497,5.52438
725,0.0550232,0.0715804,0.2892,0.396635,0.187562,1.35484,5.50232
726,0.0548036,0.0716367,0.289347,0.396702,0.187511,1.35472,5.48036
727,0.0545848,0.0716928,0.289493,0.396769,0.18746,1.35459,5.45848
728,0.0543669,0.0717488,0.289639,0.396835,0.18741,1.35446,5.43669
729,0.0541499,0.0718046,0.289785,0.396902,0.187359,1.35433,5.41499
730,0.0539337,0.0718602,0.28993,0.396968,0.187309,1.35421,5.39337
731,0.0537184,0.0719157,0.290074,0.397034,0.187258,1.35408,5.37184
732,0.0535039,0.071971,0.290218,0.397099,0.187208,1.35396,5.35039
733,0.0532904,0.0720261,0.290362,0.397164,0.187158,1.35384,5.32904
734,0.0530776,0.072081,0.290505,0.397229,0.187108,1.35371,5.30776
735,0.0528657,0.0721358,0.290647,0.397293,0.187058,1.35359,5.28657
736,0.0526547,0.0721904,0.290789,0.397357,0.187008,1.35347,5.26547
737,0.0524445,0.0722448,0.290931,0.397421,0.186959,1.35335,5.24445
738,0.0522351,0.0722991,0.291072,0.397485,0.186909,1.35323,5.22351
739,0.0520266,0.0723531,0.291212,0.397548,0.18686,1.35311,5.20266
740,0.0518189,0.0724071,0.291352,0.397611,0.186811,1.35299,5.18189
741,0.0516121,0.0724608,0.291492,0.397674,0.186762,1.35288,5.16121
742,0.051406,0.0725144,0.291631,0.397736,0.186713,1.35276,5.1406
743,0.0512008,0.0725678,0.291769,0.397798,0.186664,1.35264,5.12008
744,0.0509964,0.072621,0.291907,0.39786,0.186615,1.35253,5.09964
745,0.0507928,0.0726741,0.292045,0.397922,0.186566,1.35241,5.07928
746,0.0505901,0.072727,0.292182,0.397983,0.186518,1.3523,5.05901
747,0.0503881,0.0727797,0.292319,0.398044,0.18647,1.35218,5.03881
748,0.050187,0.0728323,0.292455,0.398105,0.186421,1.35207,5.0187
749,0.0499866,0.0728847,0.29259,0.398165,0.186373,1.35196,4.99866
750,0.0497871,0.0729369,0.292726,0.398225,0.186325,1.35185,4.97871
751,0.0495883,0.072989,0.29286,0.398285,0.186277,1.35174,4.95883
752,0.0493904,0.0730409,0.292995,0.398344,0.18623,1.35163,4.93904
753,0.0491932,0.0730927,0.293128,0.398404,0.186182,1.35152,4.91932
754,0.0489968,0.0731442,0.293262,0.398463,0.186134,1.35141,4.89968
755,0.0488012,0.0731956,0.293395,0.398521,0.186087,1.3513,4.88012
756,0.0486064,0.0732469,0.293527,0.39858,0.18604,1.35119,4.86064
757,0.0484124,0.073298,0.293659,0.398638,0.185993,1.35109,4.84124
758,0.0482191,0.0733489,0.29379,0.398696,0.185946,1.35098,4.82191
759,0.0480266,0.0733997,0.293921,0.398754,0.185899,1.35088,4.80266
760,0.0478349,0.0734503,0.294052,0.398811,0.185852,1.35077,4.78349
761,0.0476439,0.0735007,0.294182,0.398868,0.185805,1.35067,4.76439
762,0.0474537,0.073551,0.294312,0.398925,0.185759,1.35056,4.74537
763,0.0472643,0.0736011,0.294441,0.398982,0.185712,1.35046,4.72643
764,0.0470756,0.0736511,0.294569,0.399038,0.185666,1.35036,4.70756
765,0.0468877,0.0737009,0.294698,0.399094,0.18562,1.35025,4.68877
766,0.0467005,0.0737505,0.294825,0.39915,0.185574,1.35015,4.67005
767,0.0465141,0.0738,0.294953,0.399205,0.185528,1.35005,4.65141
768,0.0463284,0.0738493,0.29508,0.39926,0.185482,1.34995,4.63284
769,0.0461435,0.0738985,0.295206,0.399316,0.185436,1.34985,4.61435
770,0.0459593,0.0739475,0.295332,0.39937,0.185391,1.34975,4.59593
771,0.0457758,0.0739963,0.295458,0.399425,0.185345,1.34966,4.57758
772,0.045593,0.074045,0.295583,0.399479,0.1853,1.34956,4.5593
773,0.045411,0.0740936,0.295707,0.399533,0.185255,1.34946,4.5411
774,0.0452298,0.074142,0.295832,0.399587,0.18521,1.34937,4.52298
775,0.0450492,0.0741902,0.295956,0.39964,0.185165,1.34927,4.50492
776,0.0448694,0.0742382,0.296079,0.399694,0.18512,1.34917,4.48694
777,0.0446902,0.0742862,0.296202,0.399747,0.185075,1.34908,4.46902
778,0.0445118,0.0743339,0.296324,0.399799,0.185031,1.34899,4.45118
779,0.0443342,0.0743815,0.296446,0.399852,0.184986,1.34889,4.43342
780,0.0441572,0.074429,0.296568,0.399904,0.184942,1.3488,4.41572
781,0.0439809,0.0744763,0.296689,0.399956,0.184898,1.34871,4.39809
782,0.0438053,0.0745234,0.29681,0.400008,0.184853,1.34861,4.38053
783,0.0436304,0.0745704,0.29693,0.400059,0.184809,1.34852,4.36304
784,0.0434563,0.0746173,0.29705,0.400111,0.184766,1.34843,4.34563
785,0.0432828,0.074664,0.29717,0.400162,0.184722,1.34834,4.32828
786,0.04311,0.0747105,0.297289,0.400213,0.184678,1.34825,4.311
787,0.0429379,0.0747569,0.297407,0.400263,0.184635,1.34816,4.29379
788,0.0427665,0.0748031,0.297526,0.400314,0.184591,1.34807,4.27665
789,0.0425958,0.0748492,0.297643,0.400364,0.184548,1.34799,4.25958
790,0.0424257,0.0748951,0.297761,0.400414,0.184505,1.3479,4.24257
791,0.0422564,0.0749409,0.297878,0.400463,0.184462,1.34781,4.22564
792,0.0420877,0.0749866,0.297994,0.400513,0.184419,1.34772,4.20877
793,0.0419197,0.0750321,0.29811,0.400562,0.184376,1.34764,4.19197
794,0.0417523,0.0750774,0.298226,0.400611,0.184333,1.34755,4.17523
795,0.0415857,0.0751226,0.298341,0.40066,0.184291,1.34747,4.15857
796,0.0414196,0.0751676,0.298456,0.400708,0.184248,1.34738,4.14196
797,0.0412543,0.0752125,0.298571,0.400757,0.184206,1.3473,4.12543
798,0.0410896,0.0752573,0.298685,0.400805,0.184164,1.34722,4.10896
799,0.0409256,0.0753019,0.298799,0.400852,0.184121,1.34713,4.09256
800,0.0407622,0.0753464,0.298912,0.4009,0.184079,1.34705,4.07622
801,0.0405995,0.0753907,0.299025,0.400948,0.184038,1.34697,4.05995
802,0.0404374,0.0754349,0.299137,0.400995,0.183996,1.34689,4.04374
803,0.040276,0.0754789,0.299249,0.401042,0.183954,1.3468,4.0276
804,0.0401152,0.0755228,0.299361,0.401088,0.183913,1.34672,4.01152
805,0.0399551,0.0755665,0.299472,0.401135,0.183871,1.34664,3.99551
806,0.0397956,0.0756101,0.299583,0.401181,0.18383,1.34656,3.97956
807,0.0396367,0.0756536,0.299694,0.401227,0.183789,1.34649,3.96367
808,0.0394785,0.0756969,0.299804,0.401273,0.183748,1.34641,3.94785
809,0.0393209,0.07574,0.299913,0.401319,0.183707,1.34633,3.93209
810,0.0391639,0.0757831,0.300023,0.401365,0.183666,1.34625,3.91639
811,0.0390076,0.0758259,0.300132,0.40141,0.183625,1.34617,3.90076
812,0.0388518,0.0758687,0.30024,0.401455,0.183584,1.3461,3.88518
813,0.0386967,0.0759113,0.300348,0.4015,0.183544,1.34602,3.86967
814,0.0385423,0.0759538,0.300456,0.401544,0.183504,1.34594,3.85423
815,0.0383884,0.0759961,0.300563,0.401589,0.183463,1.34587,3.83884
816,0.0382352,0.0760383,0.30067,0.401633,0.183423,1.34579,3.82352
817,0.0380825,0.0760803,0.300777,0.401677,0.183383,1.34572,3.80825
818,0.0379305,0.0761222,0.300883,0.401721,0.183343,1.34565,3.79305
819,0.0377791,0.076164,0.300989,0.401765,0.183303,1.34557,3.77791
820,0.0376283,0.0762056,0.301095,0.401808,0.183264,1.3455,3.76283
821,0.037478,0.0762471,0.3012,0.401851,0.183224,1.34543,3.7478
822,0.0373284,0.0762884,0.301304,0.401894,0.183185,1.34535,3.73284
823,0.0371794,0.0763297,0.301409,0.401937,0.183145,1.34528,3.71794
824,0.037031,0.0763707,0.301513,0.40198,0.183106,1.34521,3.7031
825,0.0368832,0.0764117,0.301616,0.402022,0.183067,1.34514,3.68832
826,0.0367359,0.0764525,0.301719,0.402064,0.183028,1.34507,3.67359
827,0.0365893,0.0764932,0.301822,0.402106,0.182989,1.345,3.65893
828,0.0364432,0.0765337,0.301925,0.402148,0.18295,1.34493,3.64432
829,0.0362977,0.0765741,0.302027,0.40219,0.182911,1.34486,3.62977
830,0.0361528,0.0766144,0.302129,0.402231,0.182873,1.34479,3.61528
831,0.0360085,0.0766545,0.30223,0.402273,0.182834,1.34472,3.60085
832,0.0358648,0.0766945,0.302331,0.402314,0.182796,1.34465,3.58648
833,0.0357216,0.0767344,0.302432,0.402355,0.182758,1.34459,3.57216
834,0.035579,0.0767741,0.302532,0.402395,0.18272,1.34452,3.5579
835,0.035437,0.0768137,0.302632,0.402436,0.182682,1.34445,3.5437
836,0.0352955,0.0768532,0.302731,0.402476,0.182644,1.34439,3.52955
837,0.0351546,0.0768925,0.302831,0.402517,0.182606,1.34432,3.51546
838,0.0350143,0.0769317,0.302929,0.402556,0.182568,1.34425,3.50143
839,0.0348745,0.0769708,0.303028,0.402596,0.182531,1.34419,3.48745
840,0.0347353,0.0770098,0.303126,0.402636,0.182493,1.34412,3.47353
841,0.0345966,0.0770486,0.303224,0.402675,0.182456,1.34406,3.45966
842,0.0344585,0.0770873,0.303321,0.402715,0.182418,1.34399,3.44585
843,0.0343209,0.0771258,0.303418,0.402754,0.182381,1.34393,3.43209
844,0.0341839,0.0771643,0.303515,0.402793,0.182344,1.34387,3.41839
845,0.0340475,0.0772026,0.303611,0.402831,0.182307,1.3438,3.40475
846,0.0339115,0.0772407,0.303707,0.40287,0.182271,1.34374,3.39115
847,0.0337762,0.0772788,0.303803,0.402908,0.182234,1.34368,3.37762
848,0.0336413,0.0773167,0.303898,0.402946,0.182197,1.34362,3.36413
849,0.033507,0.0773545,0.303993,0.402984,0.182161,1.34356,3.3507
850,0.0333733,0.0773921,0.304088,0.403022,0.182124,1.34349,3.33733
851,0.03324,0.0774297,0.304182,0.40306,0.182088,1.34343,3.324
852,0.0331073,0.0774671,0.304276,0.403097,0.182052,1.34337,3.31073
853,0.0329752,0.0775044,0.30437,0.403135,0.182016,1.34331,3.29752
854,0.0328435,0.0775415,0.304463,0.403172,0.18198,1.34325,3.28435
855,0.0327124,0.0775786,0.304556,0.403209,0.181944,1.34319,3.27124
856,0.0325818,0.0776155,0.304649,0.403245,0.181908,1.34314,3.25818
857,0.0324518,0.0776522,0.304741,0.403282,0.181873,1.34308,3.24518
858,0.0323222,0.0776889,0.304833,0.403319,0.181837,1.34302,3.23222
859,0.0321932,0.0777254,0.304925,0.403355,0.181802,1.34296,3.21932
860,0.0320647,0.0777619,0.305016,0.403391,0.181766,1.3429,3.20647
861,0.0319367,0.0777981,0.305107,0.403427,0.181731,1.34285,3.19367
862,0.0318092,0.0778343,0.305198,0.403463,0.181696,1.34279,3.18092
863,0.0316822,0.0778704,0.305288,0.403498,0.181661,1.34273,3.16822
864,0.0315557,0.0779063,0.305378,0.403534,0.181626,1.34268,3.15557
865,0.0314298,0.0779421,0.305468,0.403569,0.181591,1.34262,3.14298
866,0.0313043,0.0779778,0.305557,0.403604,0.181557,1.34256,3.13043
867,0.0311793,0.0780133,0.305646,0.403639,0.181522,1.34251,3.11793
868,0.0310549,0.0780488,0.305735,0.403674,0.181488,1.34245,3.10549
869,0.0309309,0.0780841,0.305823,0.403709,0.181453,1.3424,3.09309
870,0.0308074,0.0781193,0.305911,0.403743,0.181419,1.34235,3.08074
871,0.0306844,0.0781544,0.305999,0.403778,0.181385,1.34229,3.06844
872,0.0305619,0.0781893,0.306086,0.403812,0.181351,1.34224,3.05619
873,0.0304399,0.0782242,0.306173,0.403846,0.181317,1.34218,3.04399
874,0.0303184,0.0782589,0.30626,0.40388,0.181283,1.34213,3.03184
875,0.0301974,0.0782935,0.306346,0.403914,0.181249,1.34208,3.01974
876,0.0300768,0.078328,0.306433,0.403947,0.181215,1.34203,3.00768
877,0.0299568,0.0783624,0.306518,0.403981,0.181182,1.34197,2.99568
878,0.0298372,0.0783966,0.306604,0.404014,0.181148,1.34192,2.98372
879,0.0297181,0.0784308,0.306689,0.404047,0.181115,1.34187,2.97181
880,0.0295994,0.0784648,0.306774,0.40408,0.181082,1.34182,2.95994
881,0.0294813,0.0784987,0.306859,0.404113,0.181049,1.34177,2.94813
882,0.0293636,0.0785325,0.306943,0.404145,0.181016,1.34172,2.93636
883,0.0292464,0.0785662,0.307027,0.404178,0.180983,1.34167,2.92464
884,0.0291296,0.0785997,0.307111,0.40421,0.18095,1.34162,2.91296
885,0.0290133,0.0786332,0.307194,0.404243,0.180917,1.34157,2.90133
886,0.0288975,0.0786665,0.307277,0.404275,0.180884,1.34152,2.88975
887,0.0287821,0.0786997,0.30736,0.404307,0.180852,1.34147,2.87821
888,0.0286672,0.0787328,0.307442,0.404338,0.180819,1.34142,2.86672
889,0.0285528,0.0787658,0.307524,0.40437,0.180787,1.34137,2.85528
890,0.0284388,0.0787987,0.307606,0.404402,0.180755,1.34133,2.84388
891,0.0283253,0.0788315,0.307688,0.404433,0.180723,1.34128,2.83253
892,0.0282122,0.0788641,0.307769,0.404464,0.180691,1.34123,2.82122
893,0.0280996,0.0788967,0.30785,0.404495,0.180659,1.34118,2.80996
894,0.0279874,0.0789291,0.307931,0.404526,0.180627,1.34114,2.79874
895,0.0278757,0.0789614,0.308011,0.404557,0.180595,1.34109,2.78757
896,0.0277644,0.0789936,0.308091,0.404588,0.180563,1.34104,2.77644
897,0.0276536,0.0790257,0.308171,0.404618,0.180532,1.341,2.76536
898,0.0275432,0.0790577,0.30825,0.404648,0.1805,1.34095,2.75432
899,0.0274332,0.0790896,0.30833,0.404679,0.180469,1.34091,2.74332
900,0.0273237,0.0791213,0.308408,0.404709,0.180438,1.34086,2.73237
901,0.0272146,0.079153,0.308487,0.404739,0.180406,1.34082,2.72146
902,0.027106,0.0791846,0.308565,0.404769,0.180375,1.34077,2.7106
903,0.0269978,0.079216,0.308643,0.404798,0.180344,1.34073,2.69978
904,0.02689,0.0792473,0.308721,0.404828,0.180313,1.34068,2.689
905,0.0267827,0.0792786,0.308799,0.404857,0.180283,1.34064,2.67827
906,0.0266758,0.0793097,0.308876,0.404887,0.180252,1.34059,2.66758
907,0.0265693,0.0793407,0.308953,0.404916,0.180221,1.34055,2.65693
908,0.0264632,0.0793716,0.30903,0.404945,0.180191,1.34051,2.64632
909,0.0263576,0.0794024,0.309106,0.404974,0.180161,1.34047,2.63576
910,0.0262523,0.0794331,0.309182,0.405002,0.18013,1.34042,2.62523
911,0.0261475,0.0794637,0.309258,0.405031,0.1801,1.34038,2.61475
912,0.0260432,0.0794942,0.309333,0.40506,0.18007,1.34034,2.60432
913,0.0259392,0.0795245,0.309409,0.405088,0.18004,1.3403,2.59392
914,0.0258356,0.0795548,0.309483,0.405116,0.18001,1.34025,2.58356
915,0.0257325,0.079585,0.309558,0.405144,0.17998,1.34021,2.57325
916,0.0256298,0.079615,0.309633,0.405172,0.17995,1.34017,2.56298
917,0.0255275,0.079645,0.309707,0.4052,0.179921,1.34013,2.55275
918,0.0254256,0.0796749,0.309781,0.405228,0.179891,1.34009,2.54256
919,0.0253241,0.0797046,0.309854,0.405255,0.179862,1.34005,2.53241
920,0.025223,0.0797343,0.309928,0.405283,0.179832,1.34001,2.5223
921,0.0251223,0.0797638,0.310001,0.40531,0.179803,1.33997,2.51223
922,0.025022,0.0797933,0.310073,0.405338,0.179774,1.33993,2.5022
923,0.0249221,0.0798226,0.310146,0.405365,0.179745,1.33989,2.49221
924,0.0248226,0.0798518,0.310218,0.405392,0.179716,1.33985,2.48226
925,0.0247235,0.079881,0.31029,0.405419,0.179687,1.33981,2.47235
926,0.0246248,0.07991,0.310362,0.405445,0.179658,1.33977,2.46248
927,0.0245265,0.079939,0.310433,0.405472,0.179629,1.33974,2.45265
928,0.0244286,0.0799678,0.310505,0.405498,0.179601,1.3397,2.44286
929,0.0243311,0.0799965,0.310576,0.405525,0.179572,1.33966,2.43311
930,0.024234,0.0800252,0.310646,0.405551,0.179544,1.33962,2.4234
931,0.0241372,0.0800537,0.310717,0.405577,0.179515,1.33958,2.41372
932,0.0240409,0.0800821,0.310787,0.405603,0.179487,1.33955,2.40409
933,0.0239449,0.0801105,0.310857,0.405629,0.179459,1.33951,2.39449
934,0.0238493,0.0801387,0.310926,0.405655,0.179431,1.33947,2.38493
935,0.0237541,0.0801669,0.310996,0.405681,0.179403,1.33944,2.37541
936,0.0236593,0.0801949,0.311065,0.405706,0.179375,1.3394,2.36593
937,0.0235648,0.0802229,0.311134,0.405732,0.179347,1.33936,2.35648
938,0.0234708,0.0802507,0.311202,0.405757,0.179319,1.33933,2.34708
939,0.0233771,0.0802785,0.311271,0.405782,0.179291,1.33929,2.33771
940,0.0232837,0.0803061,0.311339,0.405807,0.179264,1.33925,2.32837
941,0.0231908,0.0803337,0.311407,0.405832,0.179236,1.33922,2.31908
942,0.0230982,0.0803611,0.311475,0.405857,0.179209,1.33918,2.30982
943,0.023006,0.0803885,0.311542,0.405882,0.179182,1.33915,2.3006
944,0.0229142,0.0804158,0.311609,0.405907,0.179154,1.33911,2.29142
945,0.0228227,0.0804429,0.311676,0.405931,0.179127,1.33908,2.28227
946,0.0227316,0.08047,0.311743,0.405956,0.1791,1.33905,2.27316
947,0.0226408,0.080497,0.311809,0.40598,0.179073,1.33901,2.26408
948,0.0225505,0.0805239,0.311875,0.406004,0.179047,1.33898,2.25505
949,0.0224604,0.0805507,0.311941,0.406028,0.17902,1.33894,2.24604
950,0.0223708,0.0805774,0.312007,0.406052,0.178993,1.33891,2.23708
951,0.0222815,0.080604,0.312072,0.406076,0.178966,1.33888,2.22815
952,0.0221925,0.0806305,0.312137,0.4061,0.17894,1.33884,2.21925
953,0.0221039,0.080657,0.312202,0.406123,0.178913,1.33881,2.21039
954,0.0220157,0.0806833,0.312267,0.406147,0.178887,1.33878,2.20157
955,0.0219278,0.0807095,0.312331,0.406171,0.178861,1.33875,2.19278
956,0.0218403,0.0807357,0.312396,0.406194,0.178835,1.33871,2.18403
957,0.0217531,0.0807617,0.31246,0.406217,0.178809,1.33868,2.17531
958,0.0216662,0.0807877,0.312523,0.40624,0.178783,1.33865,2.16662
959,0.0215797,0.0808136,0.312587,0.406263,0.178757,1.33862,2.15797
960,0.0214936,0.0808394,0.31265,0.406286,0.178731,1.33859,2.14936
961,0.0214078,0.0808651,0.312713,0.406309,0.178705,1.33855,2.14078
962,0.0213223,0.0808907,0.312776,0.406332,0.178679,1.33852,2.13223
963,0.0212372,0.0809162,0.312838,0.406354,0.178654,1.33849,2.12372
964,0.0211524,0.0809416,0.312901,0.406377,0.178628,1.33846,2.11524
965,0.021068,0.0809669,0.312963,0.406399,0.178603,1.33843,2.1068
966,0.0209839,0.0809922,0.313025,0.406422,0.178577,1.3384,2.09839
967,0.0209001,0.0810173,0.313086,0.406444,0.178552,1.33837,2.09001
968,0.0208167,0.0810424,0.313148,0.406466,0.178527,1.33834,2.08167
969,0.0207336,0.0810674,0.313209,0.406488,0.178502,1.33831,2.07336
970,0.0206508,0.0810923,0.31327,0.40651,0.178477,1.33828,2.06508
971,0.0205684,0.0811171,0.313331,0.406532,0.178452,1.33825,2.05684
972,0.0204863,0.0811418,0.313391,0.406554,0.178427,1.33822,2.04863
973,0.0204045,0.0811664,0.313452,0.406575,0.178402,1.33819,2.04045
974,0.020323,0.081191,0.313512,0.406597,0.178378,1.33816,2.0323
975,0.0202419,0.0812154,0.313572,0.406618,0.178353,1.33813,2.02419
976,0.0201611,0.0812398,0.313631,0.40664,0.178328,1.3381,2.01611
977,0.0200806,0.0812641,0.313691,0.406661,0.178304,1.33808,2.00806
978,0.0200005,0.0812883,0.31375,0.406682,0.17828,1.33805,2.00005
979,0.0199206,0.0813124,0.313809,0.406703,0.178255,1.33802,1.99206
980,0.0198411,0.0813364,0.313867,0.406724,0.178231,1.33799,1.98411
981,0.0197619,0.0813603,0.313926,0.406745,0.178207,1.33796,1.97619
982,0.019683,0.0813842,0.313984,0.406766,0.178183,1.33794,1.9683
983,0.0196044,0.081408,0.314042,0.406786,0.178159,1.33791,1.96044
984,0.0195262,0.0814316,0.3141,0.406807,0.178135,1.33788,1.95262
985,0.0194482,0.0814553,0.314158,0.406827,0.178111,1.33785,1.94482
986,0.0193706,0.0814788,0.314215,0.406848,0.178087,1.33783,1.93706
987,0.0192932,0.0815022,0.314273,0.406868,0.178064,1.3378,1.92932
988,0.0192162,0.0815256,0.31433,0.406888,0.17804,1.33777,1.92162
989,0.0191395,0.0815488,0.314386,0.406908,0.178017,1.33775,1.91395
990,0.0190631,0.081572,0.314443,0.406928,0.177993,1.33772,1.90631
991,0.018987,0.0815951,0.314499,0.406948,0.17797,1.33769,1.8987
992,0.0189112,0.0816182,0.314556,0.406968,0.177947,1.33767,1.89112
993,0.0188357,0.0816411,0.314612,0.406988,0.177923,1.33764,1.88357
994,0.0187605,0.081664,0.314667,0.407008,0.1779,1.33762,1.87605
995,0.0186856,0.0816867,0.314723,0.407027,0.177877,1.33759,1.86856
996,0.018611,0.0817094,0.314778,0.407047,0.177854,1.33756,1.8611
997,0.0185368,0.0817321,0.314833,0.407066,0.177831,1.33754,1.85368
998,0.0184628,0.0817546,0.314888,0.407086,0.177809,1.33751,1.84628
999,0.018389,0.0817771,0.314943,0.407105,0.177786,1.33749,1.8389
1000,0.0183156,0.0817994,0.314998,0.407124,0.177763,1.33746,1.83156
